{
	"credit": "Made with Blockbench",
	"parent": "block/block",
	"ambientocclusion": false,
	"textures": {
		"overlay": "block/inv",
		"particle": "#all"
	},
	"elements": [
		{
			"from": [0, 0, 0],
			"to": [16, 16, 16],
			"faces": {
				"north": {"uv": [0, 0, 16, 16], "texture": "#all", "cullface": "north", "tintindex": 0},
				"east": {"uv": [0, 0, 16, 16], "texture": "#all", "cullface": "east", "tintindex": 0},
				"south": {"uv": [0, 0, 16, 16], "texture": "#all", "cullface": "south", "tintindex": 0},
				"west": {"uv": [0, 0, 16, 16], "texture": "#all", "cullface": "west", "tintindex": 0},
				"up": {"uv": [0, 0, 16, 16], "texture": "#all", "cullface": "up", "tintindex": 0},
				"down": {"uv": [16, 16, 0, 0], "texture": "#all", "cullface": "down", "tintindex": 0}
			}
		},
		{
			"name": "overlay",
			"from": [8.92737, -6, -9.15416],
			"to": [8.92737, 22, 22.84584],
			"shade": false,
			"rotation": {"angle": -22.5, "axis": "y", "origin": [8.1875, -8, 7.875]},
			"faces": {
				"east": {"uv": [0, 0, 16, 16], "texture": "#overlay"},
				"west": {"uv": [0, 0, 16, 16], "texture": "#overlay"}
			}
		},
		{
			"from": [8.92737, -6, -9.15416],
			"to": [8.92737, 22, 22.84584],
			"shade": false,
			"rotation": {"angle": -22.5, "axis": "y", "origin": [8.1875, -8, 7.875]},
			"faces": {
				"east": {"uv": [0, 0, 16, 16], "texture": "#bushy", "tintindex": 0},
				"west": {"uv": [0, 0, 16, 16], "texture": "#bushy", "tintindex": 0}
			}
		},
		{
			"name": "overlay",
			"from": [-7.15429, -6, 7.19697],
			"to": [24.84571, 22, 7.19697],
			"shade": false,
			"rotation": {"angle": -22.5, "axis": "y", "origin": [8.1875, -8, 7.875]},
			"faces": {
				"north": {"uv": [0, 0, 16, 16], "texture": "#overlay"},
				"south": {"uv": [0, 0, 16, 16], "texture": "#overlay"}
			}
		},
		{
			"from": [-7.15429, -6, 7.19697],
			"to": [24.84571, 22, 7.19697],
			"shade": false,
			"rotation": {"angle": -22.5, "axis": "y", "origin": [8.1875, -8, 7.875]},
			"faces": {
				"north": {"uv": [0, 0, 16, 16], "texture": "#bushy", "tintindex": 0},
				"south": {"uv": [0, 0, 16, 16], "texture": "#bushy", "tintindex": 0}
			}
		}
	]
}